danceability,energy,key,loudness,mode,speechiness,acousticness,instrumentalness,liveness,valence,tempo,type,id,uri,track_href,analysis_url,duration_ms,time_signature
0.726,0.554,5,-5.29,0,0.0917,0.0421,0,0.106,0.335,169.999,audio_features,4kV4N9D1iKVxx1KLvtTpjS,spotify:track:4kV4N9D1iKVxx1KLvtTpjS,https://api.spotify.com/v1/tracks/4kV4N9D1iKVxx1KLvtTpjS,https://api.spotify.com/v1/audio-analysis/4kV4N9D1iKVxx1KLvtTpjS,190440,4
0.833,0.539,11,-7.399,0,0.178,0.163,2.1e-06,0.101,0.385,99.947,audio_features,6MWtB6iiXyIwun0YzU6DFP,spotify:track:6MWtB6iiXyIwun0YzU6DFP,https://api.spotify.com/v1/tracks/6MWtB6iiXyIwun0YzU6DFP,https://api.spotify.com/v1/audio-analysis/6MWtB6iiXyIwun0YzU6DFP,149520,4
0.752,0.488,6,-7.05,1,0.0705,0.297,9.11e-06,0.0936,0.533,136.041,audio_features,5p7ujcrUXASCNwRaWNHR1C,spotify:track:5p7ujcrUXASCNwRaWNHR1C,https://api.spotify.com/v1/tracks/5p7ujcrUXASCNwRaWNHR1C,https://api.spotify.com/v1/audio-analysis/5p7ujcrUXASCNwRaWNHR1C,201661,4
0.687,0.792,5,-2.749,1,0.0452,0.191,0,0.167,0.671,100.015,audio_features,2dpaYNEQHiRxtZbfNsse99,spotify:track:2dpaYNEQHiRxtZbfNsse99,https://api.spotify.com/v1/tracks/2dpaYNEQHiRxtZbfNsse99,https://api.spotify.com/v1/audio-analysis/2dpaYNEQHiRxtZbfNsse99,214290,4
0.905,0.389,8,-14.505,1,0.332,0.74,0.162,0.106,0.196,120.046,audio_features,4NzMOnvSJVNKF7nw5NkXIP,spotify:track:4NzMOnvSJVNKF7nw5NkXIP,https://api.spotify.com/v1/tracks/4NzMOnvSJVNKF7nw5NkXIP,https://api.spotify.com/v1/audio-analysis/4NzMOnvSJVNKF7nw5NkXIP,193143,4
0.741,0.52,8,-7.513,1,0.0656,0.45,1.97e-06,0.222,0.347,102.998,audio_features,6Qs4SXO9dwPj5GKvVOv8Ki,spotify:track:6Qs4SXO9dwPj5GKvVOv8Ki,https://api.spotify.com/v1/tracks/6Qs4SXO9dwPj5GKvVOv8Ki,https://api.spotify.com/v1/audio-analysis/6Qs4SXO9dwPj5GKvVOv8Ki,171030,4
0.719,0.704,1,-4.724,1,0.0476,0.0691,0,0.166,0.628,133.002,audio_features,25sgk305KZfyuqVBQIahim,spotify:track:25sgk305KZfyuqVBQIahim,https://api.spotify.com/v1/tracks/25sgk305KZfyuqVBQIahim,https://api.spotify.com/v1/audio-analysis/25sgk305KZfyuqVBQIahim,187436,4
0.837,0.364,8,-11.713,1,0.276,0.149,0,0.271,0.463,123.984,audio_features,2JvzF1RMd7lE3KmFlsyZD8,spotify:track:2JvzF1RMd7lE3KmFlsyZD8,https://api.spotify.com/v1/tracks/2JvzF1RMd7lE3KmFlsyZD8,https://api.spotify.com/v1/audio-analysis/2JvzF1RMd7lE3KmFlsyZD8,213594,4
0.889,0.496,4,-6.365,0,0.0905,0.259,0,0.252,0.544,86.003,audio_features,2IRZnDFmlqMuOrYOLnZZyc,spotify:track:2IRZnDFmlqMuOrYOLnZZyc,https://api.spotify.com/v1/tracks/2IRZnDFmlqMuOrYOLnZZyc,https://api.spotify.com/v1/audio-analysis/2IRZnDFmlqMuOrYOLnZZyc,180522,4
0.572,0.385,7,-6.362,1,0.0308,0.371,0,0.231,0.323,95.799,audio_features,2VxeLyX666F8uXCJ0dZF8B,spotify:track:2VxeLyX666F8uXCJ0dZF8B,https://api.spotify.com/v1/tracks/2VxeLyX666F8uXCJ0dZF8B,https://api.spotify.com/v1/audio-analysis/2VxeLyX666F8uXCJ0dZF8B,215733,4
0.834,0.73,8,-3.714,1,0.222,0.00513,0,0.124,0.446,155.008,audio_features,2xLMifQCjDGFmkHkpNLD9h,spotify:track:2xLMifQCjDGFmkHkpNLD9h,https://api.spotify.com/v1/tracks/2xLMifQCjDGFmkHkpNLD9h,https://api.spotify.com/v1/audio-analysis/2xLMifQCjDGFmkHkpNLD9h,312820,4
0.778,0.317,1,-10.732,0,0.334,0.592,0,0.0881,0.327,140.048,audio_features,6ocbgoVGwYJhOv1GgI9NsF,spotify:track:6ocbgoVGwYJhOv1GgI9NsF,https://api.spotify.com/v1/tracks/6ocbgoVGwYJhOv1GgI9NsF,https://api.spotify.com/v1/audio-analysis/6ocbgoVGwYJhOv1GgI9NsF,178627,4
0.599,0.733,11,-7.058,1,0.203,0.176,0,0.242,0.534,102.211,audio_features,7COXchtUOMd6uIT6HvmRaI,spotify:track:7COXchtUOMd6uIT6HvmRaI,https://api.spotify.com/v1/tracks/7COXchtUOMd6uIT6HvmRaI,https://api.spotify.com/v1/audio-analysis/7COXchtUOMd6uIT6HvmRaI,162583,4
0.807,0.887,1,-4.311,0,0.0361,0.016,0.000503,0.0811,0.606,122.015,audio_features,5itOtNx0WxtJmi1TQ3RuRd,spotify:track:5itOtNx0WxtJmi1TQ3RuRd,https://api.spotify.com/v1/tracks/5itOtNx0WxtJmi1TQ3RuRd,https://api.spotify.com/v1/audio-analysis/5itOtNx0WxtJmi1TQ3RuRd,229184,4
0.9,0.4,0,-8.443,1,0.124,0.0501,0,0.0876,0.338,136.001,audio_features,0rTV5WefWd1J3OwIheTzxM,spotify:track:0rTV5WefWd1J3OwIheTzxM,https://api.spotify.com/v1/tracks/0rTV5WefWd1J3OwIheTzxM,https://api.spotify.com/v1/audio-analysis/0rTV5WefWd1J3OwIheTzxM,197487,4
0.553,0.586,11,-6.319,1,0.0362,0.697,0,0.0813,0.443,126.684,audio_features,3EPXxR3ImUwfayaurPi3cm,spotify:track:3EPXxR3ImUwfayaurPi3cm,https://api.spotify.com/v1/tracks/3EPXxR3ImUwfayaurPi3cm,https://api.spotify.com/v1/audio-analysis/3EPXxR3ImUwfayaurPi3cm,196373,4
0.906,0.382,10,-12.89,0,0.269,0.18,0,0.113,0.391,104.025,audio_features,3oh6SCCeLuXhFpEyepla6G,spotify:track:3oh6SCCeLuXhFpEyepla6G,https://api.spotify.com/v1/tracks/3oh6SCCeLuXhFpEyepla6G,https://api.spotify.com/v1/audio-analysis/3oh6SCCeLuXhFpEyepla6G,129264,4
0.498,0.104,1,-14.08,0,0.0621,0.979,7.86e-05,0.0895,0.205,124.001,audio_features,14JzyD6FlBD5z0wV5P07YI,spotify:track:14JzyD6FlBD5z0wV5P07YI,https://api.spotify.com/v1/tracks/14JzyD6FlBD5z0wV5P07YI,https://api.spotify.com/v1/audio-analysis/14JzyD6FlBD5z0wV5P07YI,199931,3
0.601,0.794,7,-5.844,0,0.0671,0.00987,1.36e-06,0.388,0.244,114.066,audio_features,27rdGxbavYJeBphck5MZAF,spotify:track:27rdGxbavYJeBphck5MZAF,https://api.spotify.com/v1/tracks/27rdGxbavYJeBphck5MZAF,https://api.spotify.com/v1/audio-analysis/27rdGxbavYJeBphck5MZAF,217467,4
0.68,0.563,10,-5.843,1,0.0454,0.354,0,0.136,0.374,145.028,audio_features,7dt6x5M1jzdTEt8oCbisTK,spotify:track:7dt6x5M1jzdTEt8oCbisTK,https://api.spotify.com/v1/tracks/7dt6x5M1jzdTEt8oCbisTK,https://api.spotify.com/v1/audio-analysis/7dt6x5M1jzdTEt8oCbisTK,231267,4
0.574,0.758,1,-5.029,0,0.0621,0.0969,0,0.395,0.492,144.111,audio_features,5JEx7HbmvHQQswJCsoo9rA,spotify:track:5JEx7HbmvHQQswJCsoo9rA,https://api.spotify.com/v1/tracks/5JEx7HbmvHQQswJCsoo9rA,https://api.spotify.com/v1/audio-analysis/5JEx7HbmvHQQswJCsoo9rA,182623,4
0.717,0.653,1,-5.634,1,0.0658,0.229,0,0.101,0.412,106.966,audio_features,3e9HZxeyfWwjeyPAMmWSSQ,spotify:track:3e9HZxeyfWwjeyPAMmWSSQ,https://api.spotify.com/v1/tracks/3e9HZxeyfWwjeyPAMmWSSQ,https://api.spotify.com/v1/audio-analysis/3e9HZxeyfWwjeyPAMmWSSQ,207320,4
0.51,0.835,3,-4.673,1,0.0447,0.00791,0,0.219,0.435,140.024,audio_features,11cDEev79fPKi6uJCjUhu8,spotify:track:11cDEev79fPKi6uJCjUhu8,https://api.spotify.com/v1/tracks/11cDEev79fPKi6uJCjUhu8,https://api.spotify.com/v1/audio-analysis/11cDEev79fPKi6uJCjUhu8,226747,4
0.759,0.73,0,-7.985,0,0.0516,0.145,3.06e-06,0.11,0.74,115.007,audio_features,7eBqSVxrzQZtK2mmgRG6lC,spotify:track:7eBqSVxrzQZtK2mmgRG6lC,https://api.spotify.com/v1/tracks/7eBqSVxrzQZtK2mmgRG6lC,https://api.spotify.com/v1/audio-analysis/7eBqSVxrzQZtK2mmgRG6lC,268434,4
0.791,0.587,3,-5.075,0,0.0413,0.407,0,0.148,0.536,96.057,audio_features,3Ol2xnObFdKV9pmRD2t9x8,spotify:track:3Ol2xnObFdKV9pmRD2t9x8,https://api.spotify.com/v1/tracks/3Ol2xnObFdKV9pmRD2t9x8,https://api.spotify.com/v1/audio-analysis/3Ol2xnObFdKV9pmRD2t9x8,179449,4
0.747,0.57,1,-6.711,1,0.081,0.0642,0,0.0832,0.65,133.992,audio_features,0PG9fbaaHFHfre2gUVo7AN,spotify:track:0PG9fbaaHFHfre2gUVo7AN,https://api.spotify.com/v1/tracks/0PG9fbaaHFHfre2gUVo7AN,https://api.spotify.com/v1/audio-analysis/0PG9fbaaHFHfre2gUVo7AN,200890,4
0.383,0.637,3,-6.993,1,0.0703,0.0722,0,0.368,0.0827,177.913,audio_features,2RSHsoi04658QL5xgQVov3,spotify:track:2RSHsoi04658QL5xgQVov3,https://api.spotify.com/v1/tracks/2RSHsoi04658QL5xgQVov3,https://api.spotify.com/v1/audio-analysis/2RSHsoi04658QL5xgQVov3,260773,4
0.68,0.559,0,-5.545,1,0.129,0.172,0,0.318,0.137,202.006,audio_features,63cd4JkwGgYJrbOizbfmsp,spotify:track:63cd4JkwGgYJrbOizbfmsp,https://api.spotify.com/v1/tracks/63cd4JkwGgYJrbOizbfmsp,https://api.spotify.com/v1/audio-analysis/63cd4JkwGgYJrbOizbfmsp,194520,4
0.674,0.881,9,-2.853,1,0.147,0.296,3.01e-06,0.0793,0.234,98.994,audio_features,5WHTFyqSii0lmT9R21abT8,spotify:track:5WHTFyqSii0lmT9R21abT8,https://api.spotify.com/v1/tracks/5WHTFyqSii0lmT9R21abT8,https://api.spotify.com/v1/audio-analysis/5WHTFyqSii0lmT9R21abT8,178480,4
0.708,0.691,2,-5.179,1,0.0442,0.342,0,0.222,0.535,79.99,audio_features,44ShclXTOOnYtt5CnCDeGV,spotify:track:44ShclXTOOnYtt5CnCDeGV,https://api.spotify.com/v1/tracks/44ShclXTOOnYtt5CnCDeGV,https://api.spotify.com/v1/audio-analysis/44ShclXTOOnYtt5CnCDeGV,240527,4
0.596,0.552,0,-10.278,0,0.097,0.0765,0.334,0.104,0.112,97.949,audio_features,6zeeWid2sgw4lap2jV61PZ,spotify:track:6zeeWid2sgw4lap2jV61PZ,https://api.spotify.com/v1/tracks/6zeeWid2sgw4lap2jV61PZ,https://api.spotify.com/v1/audio-analysis/6zeeWid2sgw4lap2jV61PZ,229320,4
0.672,0.735,5,-4.733,1,0.0457,0.286,0,0.242,0.754,115.741,audio_features,4ofwffwvvnbSkrMSCKQDaC,spotify:track:4ofwffwvvnbSkrMSCKQDaC,https://api.spotify.com/v1/tracks/4ofwffwvvnbSkrMSCKQDaC,https://api.spotify.com/v1/audio-analysis/4ofwffwvvnbSkrMSCKQDaC,201287,4
0.745,0.693,2,-5.479,0,0.034,0.339,0,0.123,0.248,98.039,audio_features,2XWjPtKdi5sucFYtVav07d,spotify:track:2XWjPtKdi5sucFYtVav07d,https://api.spotify.com/v1/tracks/2XWjPtKdi5sucFYtVav07d,https://api.spotify.com/v1/audio-analysis/2XWjPtKdi5sucFYtVav07d,181900,4
0.596,0.854,7,-5.114,0,0.463,0.0169,0,0.124,0.152,120.274,audio_features,2iUXsYOEPhVqEBwsqP70rE,spotify:track:2iUXsYOEPhVqEBwsqP70rE,https://api.spotify.com/v1/tracks/2iUXsYOEPhVqEBwsqP70rE,https://api.spotify.com/v1/audio-analysis/2iUXsYOEPhVqEBwsqP70rE,203418,4
0.464,0.852,11,-3.804,1,0.067,0.0116,0,0.108,0.233,160.075,audio_features,4mGdjNMo0RonTlOEb7cYg4,spotify:track:4mGdjNMo0RonTlOEb7cYg4,https://api.spotify.com/v1/tracks/4mGdjNMo0RonTlOEb7cYg4,https://api.spotify.com/v1/audio-analysis/4mGdjNMo0RonTlOEb7cYg4,239507,4
0.846,0.731,1,-5.027,0,0.064,0.0436,0,0.0949,0.933,137.947,audio_features,4y3OI86AEP6PQoDE6olYhO,spotify:track:4y3OI86AEP6PQoDE6olYhO,https://api.spotify.com/v1/tracks/4y3OI86AEP6PQoDE6olYhO,https://api.spotify.com/v1/audio-analysis/4y3OI86AEP6PQoDE6olYhO,181040,4
0.613,0.739,10,-6.478,1,0.0311,0.526,0,0.149,0.712,104.966,audio_features,2BkyYZmU4JuWW2sYi9EzpC,spotify:track:2BkyYZmU4JuWW2sYi9EzpC,https://api.spotify.com/v1/tracks/2BkyYZmU4JuWW2sYi9EzpC,https://api.spotify.com/v1/audio-analysis/2BkyYZmU4JuWW2sYi9EzpC,211453,4
0.761,0.479,2,-5.574,1,0.0466,0.552,0,0.0704,0.912,89.913,audio_features,7dbka99KTWke5o9hRp0JoB,spotify:track:7dbka99KTWke5o9hRp0JoB,https://api.spotify.com/v1/tracks/7dbka99KTWke5o9hRp0JoB,https://api.spotify.com/v1/audio-analysis/7dbka99KTWke5o9hRp0JoB,158040,4
0.815,0.518,7,-6.594,0,0.0897,0.223,0,0.104,0.877,151.891,audio_features,1tNJrcVe6gwLEiZCtprs1u,spotify:track:1tNJrcVe6gwLEiZCtprs1u,https://api.spotify.com/v1/tracks/1tNJrcVe6gwLEiZCtprs1u,https://api.spotify.com/v1/audio-analysis/1tNJrcVe6gwLEiZCtprs1u,177667,4
0.632,0.686,6,-7.665,0,0.243,0.549,0,0.2,0.329,89.949,audio_features,7FGq80cy8juXBCD2nrqdWU,spotify:track:7FGq80cy8juXBCD2nrqdWU,https://api.spotify.com/v1/tracks/7FGq80cy8juXBCD2nrqdWU,https://api.spotify.com/v1/audio-analysis/7FGq80cy8juXBCD2nrqdWU,170770,4
0.397,0.396,3,-9.91,1,0.05,0.254,0,0.268,0.227,142.913,audio_features,7tFiyTwD0nx5a1eklYtX2J,spotify:track:7tFiyTwD0nx5a1eklYtX2J,https://api.spotify.com/v1/tracks/7tFiyTwD0nx5a1eklYtX2J,https://api.spotify.com/v1/audio-analysis/7tFiyTwD0nx5a1eklYtX2J,354320,4
0.61,0.725,8,-5.131,1,0.15,0.367,0,0.154,0.291,146.163,audio_features,6ZRuF2n1CQxyxxAAWsKJOy,spotify:track:6ZRuF2n1CQxyxxAAWsKJOy,https://api.spotify.com/v1/tracks/6ZRuF2n1CQxyxxAAWsKJOy,https://api.spotify.com/v1/audio-analysis/6ZRuF2n1CQxyxxAAWsKJOy,201788,4
0.541,0.468,10,-4.039,0,0.362,0.404,3.65e-06,0.358,0.69,95.266,audio_features,1WSGTYKLEpKfNQYYW5Oymt,spotify:track:1WSGTYKLEpKfNQYYW5Oymt,https://api.spotify.com/v1/tracks/1WSGTYKLEpKfNQYYW5Oymt,https://api.spotify.com/v1/audio-analysis/1WSGTYKLEpKfNQYYW5Oymt,158027,4
0.538,0.409,9,-6.581,0,0.0505,0.172,0,0.11,0.265,171.838,audio_features,3id2EVGKc3eFAMn9nFnB0r,spotify:track:3id2EVGKc3eFAMn9nFnB0r,https://api.spotify.com/v1/tracks/3id2EVGKc3eFAMn9nFnB0r,https://api.spotify.com/v1/audio-analysis/3id2EVGKc3eFAMn9nFnB0r,205440,4
0.787,0.448,4,-7.671,0,0.0508,0.372,0,0.0779,0.471,138.03,audio_features,0TBFJanfWaByPIi3f7RR82,spotify:track:0TBFJanfWaByPIi3f7RR82,https://api.spotify.com/v1/tracks/0TBFJanfWaByPIi3f7RR82,https://api.spotify.com/v1/audio-analysis/0TBFJanfWaByPIi3f7RR82,215653,4
0.792,0.54,9,-5.975,0,0.0342,0.485,0,0.104,0.577,93.001,audio_features,70TEuKwiK0bd5phEQkbvT4,spotify:track:70TEuKwiK0bd5phEQkbvT4,https://api.spotify.com/v1/tracks/70TEuKwiK0bd5phEQkbvT4,https://api.spotify.com/v1/audio-analysis/70TEuKwiK0bd5phEQkbvT4,241935,4
0.59,0.562,11,-9.607,0,0.0505,0.0637,0,0.105,0.561,140.835,audio_features,7to68V64Cu6zk0UDo5tyw3,spotify:track:7to68V64Cu6zk0UDo5tyw3,https://api.spotify.com/v1/tracks/7to68V64Cu6zk0UDo5tyw3,https://api.spotify.com/v1/audio-analysis/7to68V64Cu6zk0UDo5tyw3,253077,4
0.752,0.764,1,-4.399,1,0.038,0.0476,9.44e-05,0.0543,0.582,121.958,audio_features,7K7MUBCnzgBAvMVW2RTWNs,spotify:track:7K7MUBCnzgBAvMVW2RTWNs,https://api.spotify.com/v1/tracks/7K7MUBCnzgBAvMVW2RTWNs,https://api.spotify.com/v1/audio-analysis/7K7MUBCnzgBAvMVW2RTWNs,163216,4
0.351,0.296,4,-10.109,0,0.0333,0.934,0,0.095,0.12,115.284,audio_features,1NJcg626wLln4pGHpiV7mf,spotify:track:1NJcg626wLln4pGHpiV7mf,https://api.spotify.com/v1/tracks/1NJcg626wLln4pGHpiV7mf,https://api.spotify.com/v1/audio-analysis/1NJcg626wLln4pGHpiV7mf,200186,4
0.763,0.874,0,-5.792,0,0.0564,0.27,0,0.159,0.755,131.038,audio_features,26gEW3DUEK0n8n5fvnYrPE,spotify:track:26gEW3DUEK0n8n5fvnYrPE,https://api.spotify.com/v1/tracks/26gEW3DUEK0n8n5fvnYrPE,https://api.spotify.com/v1/audio-analysis/26gEW3DUEK0n8n5fvnYrPE,194773,4
